type_contrainte,nb,ddl
p,35,"ALTER table public.announcements add constraint announcements_pkey PRIMARY KEY (id);
ALTER table public.badges add constraint badges_pkey PRIMARY KEY (id);
ALTER table public.billetterie_config add constraint billetterie_config_pkey PRIMARY KEY (id);
ALTER table public.carnets add constraint carnets_pkey PRIMARY KEY (id);
ALTER table public.coeur_config add constraint coeur_config_pkey PRIMARY KEY (id);
ALTER table public.contact_config add constraint contact_config_pkey PRIMARY KEY (id);
ALTER table public.coups_de_coeur add constraint coups_de_coeur_pkey PRIMARY KEY (player_id, qr_code_id);
ALTER table public.duels add constraint duels_pkey PRIMARY KEY (id);
ALTER table public.events add constraint events_pkey PRIMARY KEY (id);
ALTER table public.game_state add constraint game_state_pkey PRIMARY KEY (id);
ALTER table public.micro_config add constraint micro_config_pkey PRIMARY KEY (id);
ALTER table public.micro_questions add constraint micro_questions_pkey PRIMARY KEY (id);
ALTER table public.micro_votes add constraint micro_votes_pkey PRIMARY KEY (player_id, question_id);
ALTER table public.player_badges add constraint player_badges_pkey PRIMARY KEY (player_id, badge_id);
ALTER table public.player_contact add constraint player_contact_pkey PRIMARY KEY (player_id);
ALTER table public.player_profile add constraint player_profile_pkey PRIMARY KEY (player_id);
ALTER table public.player_secrets add constraint player_secrets_pkey PRIMARY KEY (player_id);
ALTER table public.players add constraint players_pkey PRIMARY KEY (id);
ALTER table public.profil_config add constraint profil_config_pkey PRIMARY KEY (id);
ALTER table public.qr_codes add constraint qr_codes_pkey PRIMARY KEY (id);
ALTER table public.quest_progress add constraint quest_progress_pkey PRIMARY KEY (player_id, quest_id, jour);
ALTER table public.quests add constraint quests_pkey PRIMARY KEY (id);
ALTER table public.quiz_answers add constraint quiz_answers_pkey PRIMARY KEY (id);
ALTER table public.quiz_questions add constraint quiz_questions_pkey PRIMARY KEY (id);
ALTER table public.quiz_sessions add constraint quiz_sessions_pkey PRIMARY KEY (id);
ALTER table public.roulette_prizes add constraint roulette_prizes_pkey PRIMARY KEY (id);
ALTER table public.roulette_spins add constraint roulette_spins_pkey PRIMARY KEY (id);
ALTER table public.scans add constraint scans_pkey PRIMARY KEY (id);
ALTER table public.sortie_reponses add constraint sortie_reponses_pkey PRIMARY KEY (player_id, jour);
ALTER table public.staff add constraint staff_pkey PRIMARY KEY (user_id);
ALTER table public.tickets add constraint tickets_pkey PRIMARY KEY (id);
ALTER table public.tournament_kings add constraint tournament_kings_pkey PRIMARY KEY (jour);
ALTER table public.treasure_hunts add constraint treasure_hunts_pkey PRIMARY KEY (id);
ALTER table public.treasure_progress add constraint treasure_progress_pkey PRIMARY KEY (player_id, hunt_id);
ALTER table public.treasure_steps add constraint treasure_steps_pkey PRIMARY KEY (id);"
u,8,"ALTER table public.badges add constraint badges_name_key UNIQUE (name);
ALTER table public.carnets add constraint carnets_numero_key UNIQUE (numero);
ALTER table public.player_secrets add constraint player_secrets_secret_code_key UNIQUE (secret_code);
ALTER table public.players add constraint players_pseudo_key UNIQUE (pseudo);
ALTER table public.qr_codes add constraint qr_codes_code_key UNIQUE (code);
ALTER table public.quiz_answers add constraint quiz_answers_question_id_player_id_key UNIQUE (question_id, player_id);
ALTER table public.roulette_spins add constraint roulette_spins_redeem_code_key UNIQUE (redeem_code);
ALTER table public.tickets add constraint tickets_code_key UNIQUE (code);"
c,21,"ALTER table public.announcements add constraint announcements_type_check CHECK ((type = ANY (ARRAY['info'::text, 'alerte'::text, 'succes'::text, 'danger'::text])));
ALTER table public.billetterie_config add constraint billetterie_config_id_check CHECK ((id = 1));
ALTER table public.billetterie_config add constraint billetterie_config_prix_journee_check CHECK ((prix_journee >= 0));
ALTER table public.carnets add constraint carnets_nb_tickets_check CHECK (((nb_tickets >= 1) AND (nb_tickets <= 500)));
ALTER table public.carnets add constraint carnets_rendus_check CHECK ((rendus >= 0));
ALTER table public.coeur_config add constraint coeur_config_id_check CHECK ((id = 1));
ALTER table public.contact_config add constraint contact_config_id_check CHECK ((id = 1));
ALTER table public.game_state add constraint game_state_id_check CHECK ((id = 1));
ALTER table public.game_state add constraint game_state_phase_check CHECK ((phase = ANY (ARRAY['EXPLORATION'::text, 'QUIZ'::text, 'RAID'::text, 'CLOTURE'::text])));
ALTER table public.micro_config add constraint micro_config_id_check CHECK ((id = 1));
ALTER table public.players add constraint players_pseudo_check CHECK (((char_length(pseudo) >= 2) AND (char_length(pseudo) <= 16)));
ALTER table public.players add constraint players_status_check CHECK ((status = ANY (ARRAY['actif'::text, 'exclu'::text])));
ALTER table public.profil_config add constraint profil_config_id_check CHECK ((id = 1));
ALTER table public.qr_codes add constraint qr_codes_rarity_check CHECK ((rarity = ANY (ARRAY['commune'::text, 'rare'::text, 'legendaire'::text])));
ALTER table public.qr_codes add constraint qr_codes_type_check CHECK ((type = ANY (ARRAY['stand'::text, 'boss'::text, 'cosplayer'::text, 'relique'::text])));
ALTER table public.quests add constraint quests_type_check CHECK ((type = ANY (ARRAY['standard'::text, 'secrete'::text, 'boss'::text, 'collection'::text])));
ALTER table public.quiz_sessions add constraint quiz_sessions_kind_check CHECK ((kind = ANY (ARRAY['quiz'::text, 'raid'::text])));
ALTER table public.quiz_sessions add constraint quiz_sessions_status_check CHECK ((status = ANY (ARRAY['preparee'::text, 'en_cours'::text, 'terminee'::text])));
ALTER table public.roulette_prizes add constraint roulette_prizes_badge_ck CHECK (((kind <> 'badge'::text) OR (badge_id IS NOT NULL)));
ALTER table public.roulette_prizes add constraint roulette_prizes_kind_ck CHECK ((kind = ANY (ARRAY['objet'::text, 'xp'::text, 'jetons'::text, 'badge'::text, 'rien'::text])));
ALTER table public.staff add constraint staff_role_check CHECK ((role = ANY (ARRAY['gm'::text, 'staff'::text, 'vendeur'::text])));"
f,35,"ALTER table public.carnets add constraint carnets_cree_par_fkey FOREIGN KEY (cree_par) REFERENCES auth.users(id) ON DELETE SET NULL;
ALTER table public.carnets add constraint carnets_vendeur_user_fkey FOREIGN KEY (vendeur_user) REFERENCES auth.users(id) ON DELETE SET NULL;
ALTER table public.coups_de_coeur add constraint coups_de_coeur_player_id_fkey FOREIGN KEY (player_id) REFERENCES players(id) ON DELETE CASCADE;
ALTER table public.coups_de_coeur add constraint coups_de_coeur_qr_code_id_fkey FOREIGN KEY (qr_code_id) REFERENCES qr_codes(id) ON DELETE CASCADE;
ALTER table public.duels add constraint duels_player1_id_fkey FOREIGN KEY (player1_id) REFERENCES players(id) ON DELETE CASCADE;
ALTER table public.duels add constraint duels_player2_id_fkey FOREIGN KEY (player2_id) REFERENCES players(id) ON DELETE CASCADE;
ALTER table public.duels add constraint duels_winner_id_fkey FOREIGN KEY (winner_id) REFERENCES players(id);
ALTER table public.events add constraint events_player_id_fkey FOREIGN KEY (player_id) REFERENCES players(id) ON DELETE SET NULL;
ALTER table public.micro_votes add constraint micro_votes_player_id_fkey FOREIGN KEY (player_id) REFERENCES players(id) ON DELETE CASCADE;
ALTER table public.micro_votes add constraint micro_votes_question_id_fkey FOREIGN KEY (question_id) REFERENCES micro_questions(id);
ALTER table public.player_badges add constraint player_badges_badge_id_fkey FOREIGN KEY (badge_id) REFERENCES badges(id) ON DELETE CASCADE;
ALTER table public.player_badges add constraint player_badges_player_id_fkey FOREIGN KEY (player_id) REFERENCES players(id) ON DELETE CASCADE;
ALTER table public.player_contact add constraint player_contact_player_id_fkey FOREIGN KEY (player_id) REFERENCES players(id) ON DELETE CASCADE;
ALTER table public.player_profile add constraint player_profile_player_id_fkey FOREIGN KEY (player_id) REFERENCES players(id) ON DELETE CASCADE;
ALTER table public.player_secrets add constraint player_secrets_player_id_fkey FOREIGN KEY (player_id) REFERENCES players(id) ON DELETE CASCADE;
ALTER table public.qr_codes add constraint qr_codes_badge_id_fkey FOREIGN KEY (badge_id) REFERENCES badges(id);
ALTER table public.qr_codes add constraint qr_codes_quest_id_fkey FOREIGN KEY (quest_id) REFERENCES quests(id) ON DELETE SET NULL;
ALTER table public.quest_progress add constraint quest_progress_player_id_fkey FOREIGN KEY (player_id) REFERENCES players(id) ON DELETE CASCADE;
ALTER table public.quest_progress add constraint quest_progress_quest_id_fkey FOREIGN KEY (quest_id) REFERENCES quests(id) ON DELETE CASCADE;
ALTER table public.quests add constraint quests_badge_id_fkey FOREIGN KEY (badge_id) REFERENCES badges(id);
ALTER table public.quiz_answers add constraint quiz_answers_player_id_fkey FOREIGN KEY (player_id) REFERENCES players(id) ON DELETE CASCADE;
ALTER table public.quiz_answers add constraint quiz_answers_question_id_fkey FOREIGN KEY (question_id) REFERENCES quiz_questions(id) ON DELETE CASCADE;
ALTER table public.quiz_questions add constraint quiz_questions_session_id_fkey FOREIGN KEY (session_id) REFERENCES quiz_sessions(id) ON DELETE CASCADE;
ALTER table public.roulette_prizes add constraint roulette_prizes_badge_id_fkey FOREIGN KEY (badge_id) REFERENCES badges(id) ON DELETE SET NULL;
ALTER table public.roulette_spins add constraint roulette_spins_player_id_fkey FOREIGN KEY (player_id) REFERENCES players(id) ON DELETE CASCADE;
ALTER table public.roulette_spins add constraint roulette_spins_prize_id_fkey FOREIGN KEY (prize_id) REFERENCES roulette_prizes(id);
ALTER table public.scans add constraint scans_player_id_fkey FOREIGN KEY (player_id) REFERENCES players(id) ON DELETE CASCADE;
ALTER table public.scans add constraint scans_qr_code_id_fkey FOREIGN KEY (qr_code_id) REFERENCES qr_codes(id) ON DELETE CASCADE;
ALTER table public.sortie_reponses add constraint sortie_reponses_player_id_fkey FOREIGN KEY (player_id) REFERENCES players(id) ON DELETE CASCADE;
ALTER table public.staff add constraint staff_user_id_fkey FOREIGN KEY (user_id) REFERENCES auth.users(id) ON DELETE CASCADE;
ALTER table public.tickets add constraint tickets_carnet_id_fkey FOREIGN KEY (carnet_id) REFERENCES carnets(id) ON DELETE CASCADE;
ALTER table public.tickets add constraint tickets_utilise_par_fkey FOREIGN KEY (utilise_par) REFERENCES players(id) ON DELETE SET NULL;
ALTER table public.treasure_progress add constraint treasure_progress_hunt_id_fkey FOREIGN KEY (hunt_id) REFERENCES treasure_hunts(id) ON DELETE CASCADE;
ALTER table public.treasure_progress add constraint treasure_progress_player_id_fkey FOREIGN KEY (player_id) REFERENCES players(id) ON DELETE CASCADE;
ALTER table public.treasure_steps add constraint treasure_steps_hunt_id_fkey FOREIGN KEY (hunt_id) REFERENCES treasure_hunts(id) ON DELETE CASCADE;"